episode	character	value
1	Other	7
1	Kyle	1
1	Kyle	-1
1	Kyle	11
1	Other	1
1	Kyle	8
1	Cartman	5
1	Cartman	-1
1	Kyle	6
1	Kyle	-1
1	Stan	2
1	Stan	-1
1	Kyle	11
1	Cartman	5
1	Kyle	2
1	Cartman	4
1	Stan	2
1	Stan	-1
1	Stan	1
1	Kenny	10
1	Cartman	10
1	Stan	3
1	Stan	-1
1	Kyle	10
1	Other	4
1	Kyle	3
1	Stan	11
1	Cartman	8
1	Kyle	3
1	Cartman	71
1	Stan	2
1	Kyle	1
1	Cartman	1
1	Stan	8
1	Cartman	10
1	Stan	3
1	Kyle	8
1	Cartman	15
1	Chef	3
1	Other	2
1	Stan	7
1	Chef	18
1	Cartman	1
1	Cartman	-1
1	Chef	13
1	Cartman	1
1	Kyle	1
1	Kyle	-1
1	Kyle	3
1	Cartman	11
1	Cartman	-1
1	Cartman	3
1	Chef	14
1	Cartman	1
1	Stan	6
1	Chef	6
1	Chef	-1
1	Chef	1
1	Cartman	1
1	Kyle	2
1	Kyle	-1
1	Kyle	1
1	Chef	10
1	Chef	-1
1	Kyle	5
1	Kyle	-1
1	Kyle	2
1	Cartman	9
1	Stan	9
1	Stan	-1
1	Cartman	1
1	Other	2
1	Cartman	2
1	Cartman	-1
1	Chef	11
1	Chef	-1
1	Chef	8
1	Cartman	1
1	Kyle	12
1	Kyle	-1
1	Cartman	1
1	Cartman	-1
1	Cartman	7
1	Cartman	-1
1	Cartman	5
1	Kyle	7
1	Cartman	2
1	Other	3
1	Kyle	4
1	Other	1
1	Kyle	8
1	Other	1
1	Kyle	3
1	Other	2
1	Stan	4
1	Other	5
1	Kyle	-1
1	Kyle	4
1	Stan	5
1	Kyle	13
1	Other	5
1	Kyle	3
1	Other	5
1	Stan	3
1	Stan	-2
1	Other	4
1	Stan	7
1	Other	1
1	Kyle	3
1	Stan	1
1	Kenny	3
1	Kyle	12
1	Other	3
1	Kyle	6
1	Other	6
1	Kyle	1
1	Other	3
1	Kyle	2
1	Other	1
1	Kyle	1
1	Other	1
1	Stan	8
1	Cartman	7
1	Kyle	11
1	Stan	8
1	Stan	-2
1	Stan	3
1	Other	4
1	Stan	7
1	Other	6
1	Kyle	15
1	Cartman	3
1	Other	21
1	Other	15
1	Other	8
1	Other	1
1	Other	8
1	Other	8
1	Other	3
1	Other	5
1	Other	30
1	Other	10
1	Mr. Garrison	15
1	Other	38
1	Kyle	41
1	Stan	9
1	Kyle	22
1	Stan	1
1	Mr. Garrison	5
1	Kyle	8
1	Mr. Garrison	11
1	Kyle	16
1	Kyle	-1
1	Kyle	1
1	Cartman	11
1	Kyle	14
1	Mr. Garrison	9
1	Kyle	10
1	Mr. Garrison	8
1	Kyle	9
1	Other	17
1	Mr. Garrison	9
1	Kyle	-1
1	Kyle	1
1	Cartman	9
1	Cartman	-1
1	Kyle	1
1	Stan	-1
1	Stan	1
1	Cartman	3
1	Cartman	-1
1	Kyle	4
1	Stan	3
1	Stan	-1
1	Stan	7
1	Cartman	6
1	Mr. Garrison	16
1	Cartman	5
1	Other	46
1	Other	10
1	Other	4
1	Other	3
1	Cartman	6
1	Stan	8
1	Cartman	7
1	Kyle	5
1	Stan	1
1	Cartman	6
1	Stan	2
1	Stan	-2
1	Stan	5
1	Cartman	2
1	Cartman	-1
1	Cartman	15
1	Stan	3
1	Wendy	2
1	Other	2
1	Wendy	6
1	Stan	1
1	Wendy	1
1	Other	2
1	Kyle	6
1	Stan	1
1	Stan	-1
1	Stan	12
1	Kyle	6
1	Cartman	5
1	Kenny	12
1	Stan	9
1	Kyle	23
1	Chef	3
1	Other	2
1	Chef	4
1	Kyle	1
1	Chef	2
1	Kyle	13
1	Chef	54
1	Stan	2
1	Chef	4
1	Stan	1
1	Chef	4
1	Stan	1
1	Chef	4
1	Stan	1
1	Chef	7
1	Kyle	1
1	Chef	13
1	Stan	5
1	Chef	17
1	Chef	-1
1	Chef	1
1	Kyle	14
1	Cartman	5
1	Stan	1
1	Cartman	1
1	Kyle	3
1	Chef	18
1	Cartman	14
1	Chef	7
1	Kyle	24
1	Chef	12
1	Cartman	19
1	Chef	12
1	Stan	3
1	Chef	15
1	Other	12
1	Cartman	4
1	Cartman	-1
1	Cartman	1
1	Stan	8
1	Cartman	9
1	Cartman	-1
1	Kyle	10
1	Cartman	22
1	Cartman	-1
1	Cartman	36
1	Stan	5
1	Kyle	9
1	Kyle	-1
1	Kyle	6
1	Cartman	4
1	Cartman	-1
1	Cartman	9
1	Kyle	1
1	Cartman	1
1	Kyle	6
1	Cartman	1
1	Kyle	8
1	Cartman	5
1	Stan	4
1	Kyle	5
1	Stan	6
1	Kyle	7
1	Kyle	-1
1	Kyle	5
1	Stan	6
1	Kenny	6
1	Stan	1
1	Kenny	6
1	Stan	3
1	Kyle	6
1	Cartman	1
1	Kyle	4
1	Cartman	3
1	Stan	5
1	Cartman	4
1	Kyle	3
1	Cartman	1
1	Cartman	-1
1	Cartman	5
1	Cartman	-1
1	Cartman	7
1	Kyle	6
1	Kyle	-1
1	Kyle	1
1	Cartman	-1
1	Kyle	6
1	Stan	8
1	Kyle	17
1	Stan	15
1	Kyle	1
1	Other	2
1	Cartman	2
1	Other	4
1	Cartman	4
1	Other	8
1	Cartman	14
1	Cartman	-1
1	Other	2
1	Other	-1
1	Other	3
1	Cartman	4
1	Other	9
1	Cartman	1
1	Other	6
1	Cartman	5
1	Other	9
1	Cartman	9
1	Other	2
1	Cartman	10
1	Other	8
1	Cartman	5
1	Kyle	18
1	Stan	7
1	Wendy	2
1	Stan	1
1	Wendy	1
1	Kyle	12
1	Wendy	3
1	Stan	1
1	Wendy	1
1	Kyle	17
1	Wendy	1
1	Kyle	8
1	Wendy	6
1	Other	30
1	Cartman	8
1	Other	15
1	Other	1
1	Cartman	7
1	Other	1
1	Cartman	5
1	Other	1
1	Cartman	10
1	Cartman	-1
1	Other	12
1	Cartman	1
1	Kyle	18
1	Wendy	7
1	Wendy	-1
1	Wendy	1
1	Kyle	1
1	Wendy	3
1	Wendy	-1
1	Wendy	6
1	Wendy	-1
1	Wendy	16
1	Wendy	-1
1	Wendy	7
1	Kyle	13
1	Wendy	3
1	Stan	1
1	Wendy	1
1	Stan	10
1	Other	1
1	Cartman	6
1	Other	1
1	Cartman	13
1	Other	4
1	Cartman	3
1	Kyle	11
1	Cartman	5
1	Other	15
1	Cartman	12
1	Other	14
1	Cartman	1
1	Cartman	-1
1	Cartman	1
1	Cartman	7
1	Stan	19
1	Cartman	4
1	Kyle	8
1	Stan	8
1	Cartman	1
1	Wendy	4
1	Kyle	7
1	Kyle	-1
1	Kyle	10
1	Cartman	8
1	Cartman	-1
1	Cartman	2
1	Kyle	3
1	Stan	3
1	Stan	-1
1	Cartman	3
1	Stan	6
1	Kyle	-2
1	Kyle	1
1	Cartman	23
1	Cartman	-1
1	Cartman	7
1	Stan	4
1	Kyle	4
1	Stan	6
1	Cartman	12
1	Stan	10
1	Stan	-1
1	Cartman	4
1	Chef	31
1	Cartman	21
1	Cartman	-1
1	Cartman	1
1	Mr. Garrison	14
1	Other	7
1	Kyle	8
1	Stan	10
1	Kyle	44
1	Stan	1
1	Kyle	42
1	Stan	4
1	Kyle	3
1	Stan	3
1	Kyle	6
1	Kyle	-1
1	Kyle	11
1	Kyle	-1
1	Kyle	8
1	Stan	2
1	Kyle	9
1	Kyle	-1
1	Kyle	1
1	Kyle	-1
1	Kyle	1
1	Kyle	-1
1	Kyle	1
1	Kyle	-1
1	Kyle	1
1	Kyle	-1
1	Kyle	1
1	Kyle	-1
1	Stan	4
1	Stan	-1
1	Other	4
1	Kyle	11
1	Other	3
1	Other	13
1	Other	3
1	Kyle	13
1	Other	4
1	Other	29
1	Cartman	7
1	Other	12
1	Other	12
1	Other	10
1	Kyle	1
1	Other	15
1	Kyle	8
1	Other	3
1	Other	11
1	Cartman	13
1	Stan	7
1	Kyle	9
1	Other	7
1	Chef	9
1	Other	12
1	Chef	9
1	Kyle	12
1	Stan	5
1	Wendy	2
1	Stan	5
1	Wendy	1
1	Stan	1
1	Wendy	1
1	Stan	1
1	Wendy	5
1	Stan	1
1	Wendy	4
1	Stan	8
1	Wendy	3
1	Stan	11
1	Wendy	4
1	Stan	8
1	Stan	12
1	Kyle	6
1	Stan	12
1	Other	1
1	Other	40
1	Cartman	1
1	Stan	3
1	Kyle	14
1	Cartman	9
1	Stan	3
1	Cartman	19
1	Cartman	-1
1	Cartman	23
1	Stan	8
1	Cartman	7
1	Kyle	5
1	Cartman	4
1	Cartman	-1
2	Kyle	9
2	Stan	4
2	Cartman	5
2	Kyle	3
2	Stan	7
2	Cartman	29
2	Cartman	-1
2	Cartman	10
2	Cartman	-1
2	Cartman	4
2	Stan	8
2	Cartman	9
2	Kyle	13
2	Cartman	9
2	Stan	5
2	Cartman	5
2	Kyle	14
2	Kyle	-1
2	Cartman	1
2	Mr. Garrison	32
2	Wendy	6
2	Other	7
2	Mr. Garrison	17
2	Wendy	1
2	Cartman	1
2	Mr. Garrison	8
2	Cartman	1
2	Cartman	-1
2	Stan	11
2	Cartman	7
2	Mr. Garrison	14
2	Kyle	7
2	Cartman	6
2	Wendy	8
2	Kyle	6
2	Wendy	9
2	Cartman	14
2	Stan	11
2	Cartman	6
2	Cartman	-1
2	Cartman	13
2	Wendy	1
2	Mr. Garrison	19
2	Kyle	7
2	Mr. Garrison	8
2	Other	1
2	Mr. Garrison	7
2	Other	30
2	Other	11
2	Other	18
2	Other	5
2	Other	7
2	Other	22
2	Other	8
2	Other	6
2	Other	20
2	Other	8
2	Other	1
2	Other	3
2	Cartman	13
2	Wendy	4
2	Chef	3
2	Other	2
2	Chef	6
2	Other	1
2	Chef	15
2	Stan	10
2	Cartman	1
2	Chef	16
2	Kyle	6
2	Chef	29
2	Stan	4
2	Kenny	3
2	Kenny	-1
2	Kenny	2
2	Chef	8
2	Mr. Garrison	22
2	Other	15
2	Mr. Garrison	16
2	Other	12
2	Other	4
2	Other	2
2	Other	1
2	Other	2
2	Other	7
2	Other	2
2	Other	8
2	Other	10
2	Other	74
2	Mr. Garrison	12
2	Other	17
2	Mr. Garrison	10
2	Other	23
2	Cartman	4
2	Other	19
2	Mr. Garrison	7
2	Other	2
2	Mr. Garrison	2
2	Other	10
2	Mr. Garrison	18
2	Wendy	15
2	Other	20
2	Cartman	3
2	Other	19
2	Cartman	12
2	Cartman	10
2	Stan	12
2	Stan	-1
2	Stan	1
2	Cartman	12
2	Stan	6
2	Cartman	9
2	Stan	6
2	Cartman	10
2	Stan	7
2	Cartman	12
2	Cartman	-1
2	Stan	6
2	Cartman	11
2	Stan	16
2	Cartman	3
2	Other	10
2	Other	29
2	Cartman	6
2	Other	8
2	Cartman	1
2	Other	7
2	Other	-1
2	Other	39
2	Cartman	1
2	Other	1
2	Cartman	1
2	Other	1
2	Other	1
2	Cartman	1
2	Cartman	9
2	Other	10
2	Cartman	7
2	Other	6
2	Cartman	11
2	Other	13
2	Mr. Garrison	2
2	Other	2
2	Mr. Garrison	7
2	Other	1
2	Mr. Garrison	11
2	Other	7
2	Mr. Garrison	10
2	Cartman	2
2	Kyle	19
2	Cartman	16
2	Stan	7
2	Cartman	8
2	Kenny	7
2	Kyle	8
2	Cartman	15
2	Stan	3
2	Cartman	8
2	Kyle	4
2	Kyle	-1
2	Stan	1
2	Cartman	9
2	Cartman	-1
2	Cartman	22
2	Other	21
2	Other	1
2	Other	9
2	Mr. Garrison	13
2	Other	8
2	Mr. Garrison	24
2	Clyde	7
2	Mr. Garrison	8
2	Clyde	1
2	Mr. Garrison	4
2	Clyde	1
2	Mr. Garrison	6
2	Other	25
2	Other	5
2	Other	9
2	Other	3
2	Mr. Garrison	12
2	Other	12
2	Other	18
2	Mr. Garrison	13
2	Stan	5
2	Clyde	1
2	Other	16
2	Mr. Garrison	13
2	Other	9
2	Other	10
2	Other	11
2	Mr. Garrison	12
2	Kyle	6
2	Cartman	8
2	Kyle	9
2	Cartman	2
2	Cartman	-1
2	Cartman	4
2	Kyle	4
2	Kyle	-2
2	Kyle	10
2	Kyle	-1
2	Kyle	4
2	Kyle	-2
2	Kyle	1
2	Cartman	6
2	Other	1
2	Other	-1
2	Other	3
2	Other	-2
2	Cartman	1
2	Wendy	2
2	Cartman	6
2	Stan	3
2	Cartman	8
2	Wendy	12
2	Other	4
2	Mr. Garrison	5
2	Other	9
2	Mr. Garrison	1
2	Other	25
2	Mr. Garrison	15
2	Other	4
2	Mr. Garrison	12
2	Other	8
2	Mr. Garrison	21
2	Wendy	29
2	Mr. Garrison	37
2	Wendy	3
2	Other	5
2	Mr. Garrison	2
2	Other	4
2	Mr. Garrison	4
2	Other	2
2	Mr. Garrison	21
2	Other	13
2	Mr. Garrison	10
2	Other	12
2	Other	3
2	Cartman	15
2	Kyle	16
2	Wendy	7
2	Kyle	2
2	Wendy	11
2	Cartman	13
2	Wendy	4
2	Cartman	21
2	Wendy	23
2	Stan	15
2	Wendy	7
2	Kyle	5
2	Other	3
2	Mr. Garrison	-1
2	Mr. Garrison	16
2	Other	7
2	Other	4
2	Mr. Garrison	4
2	Mr. Garrison	-1
2	Mr. Garrison	13
2	Other	19
2	Chef	106
2	Other	1
2	Chef	6
2	Other	3
2	Chef	5
2	Other	8
2	Chef	6
2	Other	3
2	Chef	7
2	Wendy	15
2	Other	8
2	Mr. Garrison	20
2	Other	23
2	Other	-1
2	Other	9
2	Stan	2
2	Other	16
2	Cartman	2
2	Cartman	-1
2	Cartman	1
2	Other	9
2	Other	7
2	Stan	3
2	Mr. Garrison	9
2	Wendy	12
2	Mr. Garrison	3
2	Wendy	7
2	Other	21
2	Cartman	8
2	Mr. Garrison	15
2	Wendy	10
2	Mr. Garrison	8
2	Wendy	36
2	Mr. Garrison	3
2	Wendy	1
2	Stan	12
2	Other	1
2	Other	-1
2	Other	2
2	Other	1
2	Kenny	3
2	Kyle	8
2	Kyle	-1
2	Other	1
2	Other	1
2	Kyle	11
2	Other	8
2	Cartman	12
2	Other	9
2	Cartman	7
2	Wendy	36
2	Other	2
2	Other	5
2	Stan	11
2	Wendy	31
2	Stan	11
2	Wendy	4
2	Other	21
2	Other	6
2	Other	10
2	Other	15
2	Other	11
2	Stan	12
2	Mr. Garrison	15
2	Other	7
2	Mr. Garrison	13
2	Kyle	9
2	Mr. Garrison	3
2	Other	14
2	Other	-2
2	Other	26
2	Cartman	9
2	Other	11
2	Cartman	13
2	Chef	5
2	Chef	-1
2	Chef	6
2	Other	11
2	Chef	-1
2	Chef	15
3	Other	11
3	Cartman	2
3	Kyle	5
3	Stan	14
3	Other	12
3	Other	11
3	Other	21
3	Other	7
3	Other	19
3	Cartman	4
3	Other	18
3	Cartman	2
3	Other	6
3	Cartman	5
3	Kyle	8
3	Cartman	7
3	Stan	10
3	Kenny	5
3	Other	4
3	Cartman	3
3	Cartman	-1
3	Cartman	3
3	Other	9
3	Cartman	1
3	Other	56
3	Stan	7
3	Other	2
3	Other	14
3	Kyle	4
3	Other	35
3	Other	18
3	Cartman	16
3	Stan	5
3	Other	6
3	Stan	12
3	Cartman	7
3	Other	11
3	Stan	14
3	Kyle	4
3	Cartman	11
3	Other	28
3	Stan	12
3	Other	10
3	Kyle	4
3	Other	17
3	Cartman	4
3	Other	29
3	Stan	5
3	Other	4
3	Other	16
3	Cartman	1
3	Other	12
3	Other	5
3	Other	3
3	Stan	3
3	Kyle	3
3	Cartman	7
3	Kyle	1
3	Cartman	12
3	Other	9
3	Other	5
3	Kyle	3
3	Cartman	5
3	Stan	2
3	Other	6
3	Stan	7
3	Other	23
3	Stan	11
3	Other	10
3	Cartman	11
3	Stan	4
3	Stan	-2
3	Cartman	5
3	Stan	3
3	Cartman	6
3	Kyle	3
3	Randy	53
3	Cartman	4
3	Other	6
3	Other	13
3	Other	5
3	Other	6
3	Other	1
3	Other	16
3	Other	7
3	Cartman	9
3	Chef	18
3	Other	9
3	Other	8
3	Other	15
3	Other	10
3	Other	25
3	Other	13
3	Other	5
3	Other	1
3	Other	4
3	Other	9
3	Randy	14
3	Other	7
3	Randy	15
3	Other	2
3	Chef	14
3	Other	9
3	Other	10
3	Other	39
3	Other	21
3	Other	-1
3	Other	17
3	Other	1
3	Other	3
3	Cartman	4
3	Kyle	10
3	Cartman	8
3	Other	13
3	Kyle	8
3	Stan	3
3	Cartman	6
3	Other	17
3	Other	-1
3	Other	13
3	Other	-1
3	Stan	5
3	Stan	-1
3	Stan	1
3	Cartman	8
3	Kyle	7
3	Cartman	9
3	Stan	1
3	Cartman	20
3	Stan	1
3	Cartman	16
3	Kyle	2
3	Cartman	11
3	Stan	2
3	Kyle	2
3	Cartman	5
3	Stan	1
3	Cartman	25
3	Kyle	2
3	Kyle	-1
3	Kyle	5
3	Cartman	41
3	Stan	7
3	Kyle	5
3	Kenny	4
3	Kyle	3
3	Stan	10
3	Cartman	4
3	Kyle	11
3	Cartman	6
3	Other	16
3	Other	25
3	Cartman	26
3	Other	8
3	Kyle	4
3	Stan	2
3	Kyle	12
3	Stan	6
3	Kyle	5
3	Stan	24
3	Kyle	9
3	Stan	1
3	Other	13
3	Other	3
3	Other	3
3	Stan	4
3	Other	2
3	Other	-1
3	Other	1
3	Stan	1
3	Other	32
3	Other	8
3	Kenny	4
3	Kenny	-1
3	Kenny	1
3	Other	5
3	Other	20
3	Kenny	2
3	Other	37
3	Other	1
3	Other	7
3	Other	11
3	Other	24
3	Other	1
3	Other	41
3	Chef	9
3	Other	12
3	Other	8
3	Other	15
3	Other	10
3	Other	18
3	Kyle	1
3	Cartman	12
3	Other	4
3	Kyle	6
3	Other	10
3	Other	9
3	Other	5
3	Cartman	6
3	Other	4
3	Cartman	1
3	Cartman	-1
3	Other	-1
3	Other	5
3	Cartman	8
3	Other	4
3	Cartman	3
3	Other	21
3	Randy	6
3	Other	2
3	Randy	26
3	Other	6
3	Randy	4
3	Other	16
3	Other	42
3	Kyle	3
3	Cartman	5
3	Other	5
3	Stan	8
3	Other	6
3	Cartman	9
3	Other	5
3	Stan	13
3	Other	6
3	Cartman	8
3	Other	26
3	Other	40
3	Other	105
3	Other	3
3	Chef	11
3	Chef	-1
3	Chef	4
3	Other	5
3	Stan	10
3	Stan	-1
3	Cartman	4
3	Kyle	10
3	Stan	1
3	Stan	-1
3	Stan	5
3	Other	6
3	Cartman	1
3	Stan	1
3	Cartman	4
3	Other	4
3	Cartman	15
3	Other	10
3	Other	13
3	Kyle	1
3	Other	2
3	Other	-1
3	Other	6
3	Kyle	6
3	Kenny	12
3	Other	3
3	Other	4
3	Other	1
3	Other	6
3	Chef	3
3	Other	12
3	Other	17
3	Other	18
3	Cartman	1
3	Other	6
3	Cartman	3
3	Kyle	7
3	Other	6
3	Other	4
3	Other	5
3	Other	1
3	Other	4
3	Chef	2
3	Mr. Garrison	11
3	Other	11
3	Other	9
3	Kyle	1
3	Stan	6
3	Other	4
3	Other	1
3	Other	4
3	Randy	13
3	Other	7
3	Randy	1
3	Other	1
3	Mr. Garrison	4
3	Kyle	4
3	Kenny	5
3	Other	35
3	Chef	35
3	Other	11
3	Other	13
3	Other	1
3	Other	3
3	Stan	10
3	Other	7
3	Other	4
3	Stan	4
3	Other	4
3	Other	-1
3	Other	7
3	Stan	2
3	Kyle	6
3	Other	11
3	Stan	1
3	Other	22
3	Kenny	3
3	Stan	15
3	Other	21
3	Kyle	7
3	Stan	7
3	Cartman	3
3	Cartman	-1
4	Kyle	12
4	Stan	2
4	Kyle	2
4	Stan	12
4	Kyle	2
4	Stan	13
4	Cartman	6
4	Stan	13
4	Cartman	13
4	Other	1
4	Stan	5
4	Cartman	6
4	Stan	3
4	Stan	-1
4	Cartman	6
4	Kyle	3
4	Stan	5
4	Stan	-1
4	Cartman	6
4	Cartman	-1
4	Cartman	4
4	Cartman	-1
4	Cartman	7
4	Cartman	-1
4	Stan	3
4	Kenny	8
4	Stan	1
4	Cartman	7
4	Cartman	-1
4	Stan	4
4	Cartman	4
4	Cartman	-1
4	Cartman	1
4	Stan	3
4	Kyle	9
4	Kenny	4
4	Stan	4
4	Cartman	3
4	Cartman	-1
4	Cartman	3
4	Cartman	-1
4	Chef	21
4	Kyle	3
4	Cartman	2
4	Chef	36
4	Other	4
4	Chef	5
4	Other	7
4	Chef	10
4	Other	19
4	Chef	6
4	Other	1
4	Chef	5
4	Chef	-1
4	Chef	2
4	Stan	3
4	Chef	2
4	Chef	-1
4	Chef	1
4	Other	1
4	Other	6
4	Chef	4
4	Other	17
4	Chef	3
4	Other	23
4	Chef	7
4	Other	5
4	Chef	8
4	Other	9
4	Stan	1
4	Other	2
4	Chef	3
4	Other	11
4	Chef	13
4	Kyle	6
4	Stan	14
4	Clyde	12
4	Stan	18
4	Clyde	10
4	Cartman	4
4	Stan	4
4	Cartman	9
4	Cartman	-1
4	Cartman	1
4	Clyde	3
4	Other	8
4	Other	6
4	Other	-1
4	Other	9
4	Other	-1
4	Other	1
4	Cartman	16
4	Mr. Garrison	17
4	Cartman	1
4	Cartman	-1
4	Mr. Garrison	8
4	Other	10
4	Mr. Garrison	7
4	Stan	6
4	Mr. Garrison	8
4	Stan	16
4	Mr. Garrison	2
4	Cartman	1
4	Stan	2
4	Cartman	11
4	Mr. Garrison	30
4	Cartman	3
4	Other	8
4	Cartman	2
4	Mr. Garrison	13
4	Stan	8
4	Mr. Garrison	7
4	Stan	4
4	Mr. Garrison	14
4	Mr. Garrison	-1
4	Mr. Garrison	2
4	Mr. Garrison	-1
4	Mr. Garrison	51
4	Stan	2
4	Mr. Garrison	22
4	Cartman	11
4	Cartman	-1
4	Kyle	6
4	Kyle	-1
4	Kyle	6
4	Cartman	4
4	Cartman	-1
4	Cartman	4
4	Cartman	-1
4	Cartman	1
4	Stan	10
4	Other	2
4	Cartman	9
4	Stan	18
4	Stan	-1
4	Stan	2
4	Stan	-1
4	Stan	3
4	Stan	-1
4	Kyle	3
4	Stan	3
4	Cartman	4
4	Cartman	-1
4	Cartman	2
4	Other	2
4	Other	10
4	Other	16
4	Other	-1
4	Other	1
4	Other	-1
4	Other	1
4	Stan	8
4	Other	8
4	Other	3
4	Other	27
4	Other	10
4	Other	11
4	Other	11
4	Other	6
4	Other	8
4	Other	9
4	Other	7
4	Other	6
4	Other	7
4	Other	26
4	Other	14
4	Other	4
4	Other	17
4	Stan	10
4	Stan	-1
4	Stan	22
4	Kyle	1
4	Cartman	3
4	Stan	7
4	Stan	-1
4	Stan	5
4	Kyle	6
4	Kyle	-1
4	Kyle	5
4	Cartman	8
4	Cartman	-1
4	Cartman	9
4	Kenny	6
4	Kenny	-1
4	Kenny	3
4	Stan	15
4	Kyle	11
4	Stan	2
4	Other	12
4	Other	32
4	Other	5
4	Other	3
4	Other	17
4	Other	7
4	Other	34
4	Other	10
4	Stan	14
4	Other	28
4	Other	17
4	Stan	-1
4	Stan	1
4	Kyle	3
4	Stan	9
4	Cartman	7
4	Cartman	-1
4	Stan	12
4	Kyle	9
4	Stan	8
4	Stan	-1
4	Stan	10
4	Chef	50
4	Kyle	2
4	Chef	5
4	Kyle	1
4	Chef	2
4	Kyle	1
4	Chef	9
4	Other	4
4	Chef	10
4	Other	17
4	Chef	12
4	Other	5
4	Other	25
4	Other	5
4	Other	27
4	Other	3
4	Other	11
4	Other	10
4	Other	1
4	Other	-1
4	Other	2
4	Other	1
4	Other	1
4	Other	1
4	Other	1
4	Other	2
4	Other	3
4	Other	1
4	Other	3
4	Other	1
4	Other	3
4	Other	1
4	Other	3
4	Chef	7
4	Stan	9
4	Stan	-1
4	Chef	10
4	Chef	-1
4	Chef	3
4	Mr. Garrison	9
4	Chef	9
4	Mr. Garrison	4
4	Chef	2
4	Chef	-1
4	Chef	2
4	Mr. Garrison	11
4	Mr. Garrison	-1
4	Chef	7
4	Mr. Garrison	9
4	Mr. Garrison	-1
4	Kyle	4
4	Stan	13
4	Cartman	9
4	Other	6
4	Other	-1
4	Other	14
4	Other	-1
4	Other	5
4	Other	-1
4	Other	20
4	Stan	10
4	Kyle	6
4	Stan	6
4	Cartman	7
4	Kyle	10
4	Stan	3
4	Kyle	2
4	Stan	13
4	Other	6
4	Other	1
4	Other	3
4	Other	5
4	Other	35
4	Other	2
4	Other	1
4	Other	-1
4	Other	3
4	Stan	8
4	Other	6
4	Other	52
4	Chef	4
4	Other	13
4	Chef	4
4	Stan	2
4	Other	2
4	Chef	6
4	Kyle	5
4	Chef	8
4	Other	9
4	Mr. Garrison	5
4	Other	11
4	Other	16
4	Other	1
4	Other	8
4	Stan	4
4	Other	5
4	Stan	1
4	Stan	-1
4	Stan	12
4	Other	7
4	Stan	4
4	Stan	-1
4	Stan	2
4	Other	5
4	Other	-1
4	Other	4
4	Other	-1
4	Other	6
4	Other	-1
4	Other	1
4	Other	1
4	Other	3
4	Other	-1
4	Other	2
4	Other	-1
4	Other	5
4	Other	-1
4	Other	9
4	Stan	9
4	Other	11
4	Other	-1
4	Other	10
4	Other	5
4	Other	-1
4	Kyle	16
4	Other	1
4	Other	4
4	Other	7
4	Cartman	5
4	Kyle	2
4	Kyle	-1
4	Kyle	2
4	Chef	3
4	Kyle	2
4	Cartman	8
4	Chef	10
4	Kyle	3
4	Chef	3
4	Kyle	3
4	Cartman	6
4	Kyle	1
4	Other	33
4	Other	2
4	Other	11
4	Other	13
4	Other	7
4	Other	16
4	Other	9
4	Other	2
4	Other	-1
4	Stan	6
4	Other	1
4	Stan	10
4	Other	1
4	Stan	22
4	Stan	-1
4	Stan	2
4	Other	8
4	Stan	4
4	Other	9
4	Other	21
4	Kyle	2
4	Other	15
4	Other	6
4	Other	2
4	Other	12
4	Other	-1
4	Other	12
4	Other	-1
4	Other	14
4	Other	27
4	Other	8
4	Other	1
4	Other	12
4	Kyle	9
4	Other	4
4	Other	2
4	Chef	15
4	Other	19
4	Other	44
4	Other	-1
4	Other	15
4	Other	2
4	Other	-1
4	Other	4
4	Other	-1
4	Other	5
4	Other	-1
4	Other	15
4	Other	-1
4	Other	6
4	Stan	2
4	Stan	-1
4	Stan	12
4	Other	3
4	Other	18
4	Other	2
4	Other	10
4	Other	3
4	Other	1
4	Other	6
4	Mr. Garrison	14
4	Other	9
4	Other	1
4	Mr. Garrison	10
4	Stan	4
4	Stan	-1
4	Stan	1
4	Other	1
4	Other	15
4	Stan	14
4	Other	18
4	Other	-1
4	Other	6
4	Stan	3
4	Stan	-1
4	Stan	3
4	Other	4
4	Kyle	1
4	Other	20
4	Mr. Garrison	12
4	Other	10
4	Other	5
4	Other	14
4	Other	1
4	Other	1
4	Other	7
4	Chef	7
4	Stan	7
4	Chef	5
4	Other	23
4	Other	3
4	Stan	1
4	Other	9
4	Kyle	7
4	Stan	1
4	Other	10
4	Kyle	1
4	Other	6
4	Other	-1
4	Other	6
4	Other	1
4	Other	1
4	Other	1
4	Mr. Garrison	1
4	Other	22
4	Other	2
4	Other	1
4	Other	14
4	Stan	13
4	Other	2
4	Stan	11
4	Other	1
4	Stan	5
4	Stan	-1
4	Other	1
4	Stan	1
4	Stan	-1
4	Stan	9
4	Mr. Garrison	7
4	Other	15
4	Stan	7
4	Stan	-1
4	Stan	6
4	Stan	-1
4	Stan	8
4	Stan	-1
4	Stan	16
4	Stan	16
4	Cartman	16
4	Other	10
4	Other	1
4	Other	1
4	Other	1
4	Other	11
4	Stan	8
4	Other	20
4	Stan	1
4	Other	8
4	Mr. Garrison	2
4	Other	8
4	Other	1
4	Other	1
4	Other	1
5	Cartman	8
5	Stan	5
5	Cartman	7
5	Stan	1
5	Cartman	8
5	Cartman	-1
5	Stan	17
5	Kyle	7
5	Kyle	-1
5	Kyle	5
5	Cartman	8
5	Cartman	-1
5	Cartman	11
5	Cartman	-2
5	Cartman	10
5	Stan	24
5	Stan	-1
5	Cartman	16
5	Stan	6
5	Kyle	4
5	Stan	1
5	Kyle	5
5	Stan	8
5	Kyle	22
5	Stan	3
5	Kyle	28
5	Cartman	14
5	Kenny	17
5	Stan	8
5	Other	8
5	Kyle	9
5	Other	18
5	Kyle	11
5	Cartman	6
5	Cartman	-1
5	Cartman	9
5	Other	3
5	Cartman	2
5	Mr. Garrison	16
5	Other	23
5	Kyle	2
5	Mr. Garrison	2
5	Kyle	9
5	Mr. Garrison	23
5	Kyle	25
5	Stan	3
5	Other	5
5	Other	7
5	Other	2
5	Kyle	10
5	Other	20
5	Kyle	4
5	Other	3
5	Mr. Garrison	3
5	Mr. Garrison	-1
5	Mr. Garrison	14
5	Other	15
5	Mr. Garrison	31
5	Kyle	4
5	Stan	7
5	Kyle	5
5	Cartman	7
5	Kyle	12
5	Cartman	14
5	Cartman	-1
5	Cartman	3
5	Mr. Garrison	11
5	Stan	1
5	Mr. Garrison	15
5	Stan	1
5	Mr. Garrison	18
5	Other	22
5	Stan	5
5	Mr. Garrison	28
5	Other	10
5	Other	1
5	Other	4
5	Other	3
5	Stan	2
5	Other	6
5	Stan	3
5	Other	6
5	Stan	8
5	Other	3
5	Stan	10
5	Kyle	4
5	Stan	2
5	Kyle	5
5	Kyle	13
5	Cartman	5
5	Other	7
5	Kyle	8
5	Cartman	9
5	Cartman	-1
5	Cartman	23
5	Other	3
5	Kyle	4
5	Cartman	13
5	Kyle	13
5	Cartman	9
5	Kyle	5
5	Stan	6
5	Cartman	8
5	Cartman	-1
5	Cartman	4
5	Stan	7
5	Cartman	17
5	Kyle	7
5	Kyle	-1
5	Kyle	9
5	Cartman	15
5	Kyle	7
5	Kyle	-1
5	Cartman	5
5	Cartman	-1
5	Other	4
5	Kenny	1
5	Kyle	11
5	Other	5
5	Kyle	19
5	Other	9
5	Other	11
5	Cartman	9
5	Other	42
5	Other	1
5	Kyle	7
5	Other	14
5	Stan	10
5	Other	34
5	Cartman	10
5	Other	11
5	Kyle	6
5	Other	21
5	Kyle	4
5	Other	24
5	Cartman	8
5	Cartman	-1
5	Other	15
5	Stan	1
5	Other	5
5	Kyle	8
5	Other	11
5	Kyle	7
5	Cartman	3
5	Other	7
5	Other	4
5	Cartman	5
5	Other	14
5	Cartman	6
5	Kyle	8
5	Other	16
5	Cartman	12
5	Cartman	-1
5	Stan	4
5	Other	1
5	Cartman	6
5	Other	13
5	Kyle	5
5	Other	9
5	Other	4
5	Other	-1
5	Other	2
5	Other	1
5	Other	-1
5	Other	1
5	Kyle	5
5	Other	10
5	Kyle	7
5	Cartman	5
5	Cartman	-1
5	Other	1
5	Other	16
5	Chef	3
5	Kyle	2
5	Chef	3
5	Other	1
5	Chef	2
5	Kyle	15
5	Chef	15
5	Chef	19
5	Kyle	4
5	Chef	20
5	Kyle	7
5	Chef	24
5	Cartman	1
5	Stan	11
5	Cartman	14
5	Chef	13
5	Stan	6
5	Chef	9
5	Stan	11
5	Kyle	18
5	Chef	14
5	Cartman	7
5	Cartman	-1
5	Cartman	1
5	Stan	3
5	Kenny	10
5	Kyle	6
5	Cartman	8
5	Cartman	-1
5	Cartman	31
5	Cartman	-1
5	Cartman	12
5	Stan	8
5	Cartman	10
5	Kyle	18
5	Kyle	-1
5	Kyle	12
5	Kenny	10
5	Stan	5
5	Kyle	15
5	Cartman	13
5	Kyle	3
5	Cartman	23
5	Stan	-1
5	Other	12
5	Other	6
5	Stan	56
5	Other	8
5	Other	12
5	Other	9
5	Other	3
5	Other	-1
5	Other	1
5	Other	4
5	Other	1
5	Other	3
5	Kyle	5
5	Stan	-1
5	Stan	15
5	Kyle	-1
5	Kyle	5
5	Chef	15
5	Kyle	9
5	Kyle	-1
5	Chef	91
5	Other	14
5	Chef	10
5	Kyle	4
5	Chef	15
5	Kyle	1
5	Stan	1
5	Cartman	1
5	Chef	12
5	Other	9
5	Other	4
5	Other	7
5	Other	-1
5	Other	22
5	Other	2
5	Other	10
5	Other	6
5	Other	4
5	Other	4
5	Other	7
5	Other	19
5	Other	9
5	Other	3
5	Other	-1
5	Kyle	6
5	Chef	9
5	Kyle	13
5	Stan	10
5	Chef	33
5	Chef	-1
5	Chef	1
5	Kyle	8
5	Chef	12
5	Kyle	14
5	Cartman	15
5	Other	17
5	Stan	6
5	Stan	-1
5	Stan	3
5	Other	5
5	Chef	10
5	Other	44
5	Kenny	5
5	Stan	6
5	Kyle	7
5	Other	17
5	Other	2
5	Other	3
5	Mr. Garrison	7
5	Other	1
5	Mr. Garrison	14
5	Kyle	7
5	Stan	7
5	Kyle	11
5	Kenny	7
5	Stan	3
5	Other	1
5	Other	45
5	Other	26
5	Other	6
5	Other	14
5	Other	1
5	Other	1
5	Other	1
5	Stan	15
5	Other	17
5	Other	1
5	Other	13
5	Kyle	4
5	Other	20
5	Stan	11
5	Mr. Garrison	16
5	Other	10
5	Mr. Garrison	9
5	Kyle	5
5	Stan	1
5	Other	2
5	Kyle	4
5	Stan	8
5	Other	5
5	Kyle	6
5	Stan	12
5	Other	2
5	Stan	27
5	Stan	-1
5	Stan	5
5	Other	2
5	Stan	16
5	Other	1
5	Other	6
5	Other	3
5	Other	7
5	Other	9
5	Other	28
5	Other	2
5	Other	34
5	Other	10
5	Kyle	8
5	Stan	19
5	Cartman	3
5	Cartman	-1
5	Cartman	6
5	Stan	7
5	Cartman	4
5	Kyle	17
5	Stan	3
5	Other	8
5	Stan	33
5	Randy	10
5	Other	16
5	Other	4
5	Randy	1
5	Other	12
5	Randy	11
5	Other	6
5	Stan	47
5	Mr. Garrison	20
5	Kyle	12
5	Mr. Garrison	24
5	Other	34
5	Other	1
5	Mr. Garrison	6
5	Stan	12
5	Other	4
5	Other	2
5	Clyde	4
5	Kyle	9
5	Cartman	8
5	Mr. Garrison	15
5	Other	6
5	Cartman	3
6	Other	12
6	Other	1
6	Other	4
6	Other	7
6	Randy	7
6	Other	2
6	Other	4
6	Other	5
6	Randy	7
6	Other	13
6	Other	-1
6	Other	1
6	Other	8
6	Other	2
6	Randy	1
6	Stan	9
6	Other	7
6	Stan	13
6	Other	8
6	Stan	1
6	Stan	-1
6	Other	1
6	Other	7
6	Other	7
6	Other	-1
6	Other	7
6	Stan	2
6	Other	2
6	Other	-1
6	Other	9
6	Stan	7
6	Other	-1
6	Other	9
6	Stan	1
6	Other	10
6	Stan	6
6	Other	2
6	Stan	5
6	Other	9
6	Stan	4
6	Other	13
6	Other	10
6	Other	-1
6	Other	1
6	Other	3
6	Other	6
6	Other	7
6	Other	4
6	Other	5
6	Other	5
6	Kyle	5
6	Other	4
6	Other	-1
6	Other	4
6	Other	2
6	Other	-1
6	Other	1
6	Other	15
6	Kyle	6
6	Other	5
6	Other	8
6	Other	-1
6	Other	5
6	Other	2
6	Cartman	5
6	Other	26
6	Cartman	4
6	Cartman	-1
6	Cartman	5
6	Cartman	-1
6	Other	3
6	Stan	7
6	Other	1
6	Stan	3
6	Other	5
6	Other	-1
6	Other	5
6	Kyle	7
6	Cartman	14
6	Clyde	14
6	Kyle	13
6	Cartman	23
6	Cartman	-1
6	Cartman	11
6	Mr. Garrison	10
6	Cartman	10
6	Mr. Garrison	18
6	Other	2
6	Other	7
6	Mr. Garrison	66
6	Kenny	6
6	Mr. Garrison	8
6	Kenny	7
6	Mr. Garrison	77
6	Stan	10
6	Mr. Garrison	21
6	Cartman	1
6	Clyde	6
6	Mr. Garrison	9
6	Stan	11
6	Mr. Garrison	5
6	Stan	18
6	Kyle	17
6	Stan	1
6	Kyle	26
6	Stan	1
6	Cartman	9
6	Stan	11
6	Mr. Garrison	11
6	Kenny	6
6	Cartman	17
6	Stan	19
6	Kyle	6
6	Stan	1
6	Cartman	10
6	Chef	3
6	Stan	2
6	Chef	3
6	Stan	1
6	Chef	2
6	Stan	8
6	Chef	10
6	Stan	6
6	Chef	13
6	Stan	5
6	Kyle	20
6	Cartman	7
6	Chef	11
6	Stan	10
6	Other	22
6	Other	4
6	Other	1
6	Other	-1
6	Other	7
6	Randy	11
6	Other	22
6	Mr. Garrison	21
6	Other	5
6	Other	1
6	Stan	13
6	Other	9
6	Stan	6
6	Other	3
6	Other	-1
6	Stan	7
6	Other	16
6	Cartman	11
6	Other	25
6	Other	-1
6	Cartman	1
6	Other	2
6	Stan	1
6	Other	15
6	Cartman	1
6	Other	3
6	Other	-1
6	Other	2
6	Cartman	3
6	Cartman	-1
6	Cartman	3
6	Other	4
6	Stan	10
6	Cartman	7
6	Stan	10
6	Other	12
6	Cartman	8
6	Cartman	-1
6	Stan	6
6	Cartman	5
6	Stan	13
6	Kyle	13
6	Stan	2
6	Other	12
6	Other	16
6	Other	4
6	Other	17
6	Other	6
6	Other	7
6	Other	6
6	Other	15
6	Other	14
6	Other	16
6	Other	8
6	Other	6
6	Stan	1
6	Other	3
6	Stan	28
6	Other	2
6	Stan	1
6	Other	11
6	Stan	1
6	Other	3
6	Stan	7
6	Cartman	8
6	Kyle	12
6	Stan	6
6	Cartman	8
6	Cartman	-1
6	Cartman	8
6	Kyle	5
6	Kyle	-1
6	Kyle	1
6	Cartman	3
6	Other	7
6	Other	9
6	Other	5
6	Cartman	8
6	Other	9
6	Stan	12
6	Other	10
6	Other	-1
6	Other	2
6	Other	-1
6	Other	3
6	Cartman	3
6	Cartman	-1
6	Cartman	4
6	Kenny	4
6	Cartman	6
6	Other	3
6	Other	-1
6	Other	1
6	Other	4
6	Kenny	2
6	Cartman	7
6	Cartman	-1
6	Other	7
6	Stan	15
6	Other	11
6	Other	7
6	Stan	1
6	Other	2
6	Other	2
6	Other	-1
6	Other	9
6	Other	-1
6	Other	4
6	Other	16
6	Other	19
6	Stan	17
6	Other	13
6	Other	19
6	Other	1
6	Other	5
6	Other	29
6	Other	24
6	Randy	11
6	Mr. Garrison	7
6	Mr. Garrison	-1
6	Mr. Garrison	5
6	Randy	12
6	Other	7
6	Stan	8
6	Kyle	8
6	Other	1
6	Other	9
6	Stan	5
6	Other	41
6	Stan	5
6	Kyle	6
6	Cartman	3
6	Other	18
6	Stan	11
6	Other	3
6	Stan	25
6	Other	12
6	Stan	15
6	Other	7
6	Stan	6
6	Other	9
6	Other	5
6	Other	7
6	Other	19
6	Other	-1
6	Other	21
6	Other	21
6	Other	6
6	Other	14
6	Other	3
6	Stan	21
6	Kyle	3
6	Stan	4
6	Cartman	6
6	Stan	14
6	Kyle	2
6	Other	7
6	Other	1
6	Other	66
6	Stan	4
6	Other	3
6	Other	-1
6	Other	3
6	Other	10
6	Other	1
6	Other	2
6	Stan	11
6	Other	3
6	Other	-1
6	Other	2
6	Stan	3
6	Kyle	5
6	Other	1
6	Other	1
6	Other	8
6	Other	-1
6	Other	6
6	Stan	5
6	Kyle	6
6	Other	1
6	Other	1
6	Cartman	2
6	Other	1
6	Kyle	5
6	Other	1
6	Other	44
6	Other	7
6	Other	10
6	Stan	15
6	Other	19
6	Stan	3
6	Other	6
6	Randy	6
6	Stan	4
6	Randy	11
6	Other	1
6	Stan	-1
6	Stan	39
6	Kyle	26
6	Kenny	51
6	Stan	2
6	Kyle	3
6	Other	1
6	Other	1
6	Stan	5
6	Cartman	3
6	Other	1
6	Other	3
6	Other	9
6	Other	1
6	Kyle	11
6	Other	7
6	Other	-1
6	Other	8
6	Other	8
6	Other	3
6	Other	2
6	Other	10
6	Other	7
6	Other	6
6	Other	-1
6	Stan	2
6	Other	3
6	Other	53
6	Other	2
6	Other	54
6	Other	3
6	Other	8
6	Other	2
6	Other	2
6	Other	7
6	Other	-1
6	Other	8
6	Cartman	11
6	Other	9
6	Other	1
6	Other	1
6	Kyle	7
6	Kyle	-1
6	Stan	12
6	Other	7
6	Other	1
6	Other	15
6	Stan	1
6	Other	1
6	Other	1
6	Other	3
6	Other	16
6	Other	20
6	Other	1
6	Other	45
6	Other	7
6	Other	16
6	Stan	7
6	Other	3
6	Randy	15
6	Stan	4
6	Other	9
6	Cartman	4
6	Cartman	-1
6	Cartman	3
6	Other	6
6	Other	7
6	Cartman	3
6	Other	8
6	Other	9
6	Other	4
6	Other	3
6	Other	8
6	Kyle	21
6	Stan	10
6	Cartman	9
6	Kyle	11
6	Stan	1
6	Cartman	1
6	Stan	5
6	Other	22
6	Stan	4
7	Other	5
7	Other	1
7	Other	1
7	Other	5
7	Other	4
7	Other	2
7	Other	1
7	Stan	6
7	Kyle	2
7	Cartman	6
7	Kyle	5
7	Cartman	6
7	Other	6
7	Cartman	11
7	Cartman	-1
7	Kyle	7
7	Stan	11
7	Other	14
7	Other	7
7	Other	10
7	Other	12
7	Other	5
7	Other	13
7	Other	2
7	Other	-1
7	Other	5
7	Other	2
7	Kyle	7
7	Stan	3
7	Kyle	8
7	Stan	3
7	Kyle	12
7	Stan	17
7	Kyle	14
7	Stan	10
7	Kyle	2
7	Cartman	2
7	Kyle	7
7	Cartman	8
7	Stan	4
7	Cartman	7
7	Kyle	4
7	Cartman	9
7	Stan	4
7	Stan	-1
7	Cartman	7
7	Kyle	2
7	Stan	3
7	Stan	-1
7	Stan	1
7	Cartman	8
7	Stan	5
7	Kyle	7
7	Stan	12
7	Kyle	7
7	Cartman	44
7	Cartman	-1
7	Other	5
7	Stan	8
7	Other	4
7	Stan	11
7	Other	4
7	Other	2
7	Other	5
7	Other	23
7	Other	4
7	Other	22
7	Other	14
7	Other	13
7	Kyle	14
7	Stan	2
7	Kyle	4
7	Mr. Garrison	12
7	Other	1
7	Kyle	-1
7	Stan	1
7	Wendy	2
7	Stan	12
7	Wendy	1
7	Stan	11
7	Wendy	14
7	Stan	2
7	Wendy	13
7	Other	2
7	Other	9
7	Other	8
7	Other	1
7	Other	1
7	Cartman	13
7	Kyle	8
7	Cartman	13
7	Kyle	5
7	Cartman	5
7	Kyle	11
7	Kyle	-1
7	Kyle	1
7	Cartman	5
7	Mr. Garrison	36
7	Wendy	1
7	Mr. Garrison	16
7	Kyle	13
7	Other	19
7	Other	1
7	Other	2
7	Other	3
7	Other	16
7	Other	4
7	Kyle	14
7	Cartman	27
7	Kyle	4
7	Stan	8
7	Chef	2
7	Other	2
7	Chef	11
7	Cartman	3
7	Other	9
7	Chef	13
7	Other	28
7	Cartman	23
7	Other	8
7	Cartman	8
7	Other	23
7	Cartman	9
7	Clyde	5
7	Kyle	6
7	Other	4
7	Other	8
7	Other	16
7	Cartman	13
7	Cartman	-1
7	Other	10
7	Other	6
7	Cartman	8
7	Other	6
7	Cartman	11
7	Other	26
7	Cartman	8
7	Other	15
7	Other	14
7	Cartman	4
7	Stan	8
7	Cartman	14
7	Chef	2
7	Cartman	2
7	Chef	1
7	Cartman	7
7	Stan	3
7	Kyle	3
7	Stan	2
7	Cartman	3
7	Kyle	22
7	Mr. Garrison	36
7	Cartman	1
7	Kyle	6
7	Stan	3
7	Mr. Garrison	36
7	Kyle	12
7	Mr. Garrison	27
7	Stan	8
7	Wendy	9
7	Stan	10
7	Mr. Garrison	28
7	Clyde	2
7	Mr. Garrison	4
7	Other	1
7	Chef	1
7	Chef	-1
7	Chef	7
7	Other	2
7	Chef	12
7	Chef	-1
7	Chef	2
7	Other	48
7	Other	38
7	Chef	3
7	Chef	-1
7	Chef	7
7	Cartman	14
7	Stan	9
7	Cartman	7
7	Stan	4
7	Stan	-1
7	Stan	4
7	Cartman	14
7	Stan	13
7	Stan	-1
7	Stan	1
7	Cartman	1
7	Cartman	-1
7	Cartman	10
7	Cartman	-1
7	Cartman	1
7	Kyle	2
7	Stan	12
7	Cartman	1
7	Stan	3
7	Kyle	1
7	Stan	1
7	Kyle	2
7	Stan	12
7	Cartman	5
7	Other	2
7	Cartman	5
7	Kyle	7
7	Cartman	46
7	Wendy	2
7	Cartman	2
7	Stan	7
7	Wendy	17
7	Cartman	5
7	Wendy	3
7	Stan	14
7	Wendy	15
7	Cartman	12
7	Stan	4
7	Wendy	2
7	Stan	8
7	Wendy	1
7	Chef	1
7	Other	9
7	Chef	19
7	Other	7
7	Chef	22
7	Other	23
7	Chef	-1
7	Chef	19
7	Other	1
7	Other	10
7	Chef	15
7	Other	21
7	Chef	13
7	Other	14
7	Chef	1
7	Other	16
7	Other	1
7	Other	4
7	Stan	2
7	Other	7
7	Cartman	10
7	Other	2
7	Stan	5
7	Cartman	6
7	Cartman	-1
7	Chef	6
7	Other	7
7	Other	16
7	Chef	2
7	Other	16
7	Other	3
7	Chef	5
7	Chef	-1
7	Chef	9
7	Other	4
7	Chef	1
7	Chef	-1
7	Chef	11
7	Other	13
7	Chef	6
7	Other	6
7	Other	1
7	Other	1
7	Other	16
7	Cartman	-1
7	Cartman	11
7	Stan	10
7	Other	2
7	Other	1
7	Cartman	14
7	Other	7
7	Other	1
7	Chef	9
7	Other	3
7	Other	2
7	Chef	10
7	Cartman	7
7	Chef	-1
7	Chef	13
7	Cartman	5
7	Cartman	-1
7	Chef	5
7	Chef	-1
7	Chef	14
7	Stan	6
7	Chef	16
7	Kyle	10
7	Chef	15
7	Stan	5
7	Kyle	6
7	Cartman	10
7	Kyle	5
7	Chef	5
7	Stan	5
7	Chef	28
7	Cartman	3
7	Stan	6
7	Kyle	3
7	Cartman	6
7	Stan	6
7	Chef	5
7	Kyle	6
7	Stan	1
7	Kyle	8
7	Cartman	1
7	Cartman	-1
7	Stan	4
7	Cartman	2
7	Cartman	-1
7	Chef	7
7	Stan	3
7	Chef	7
7	Other	2
7	Cartman	10
7	Other	1
7	Chef	3
7	Other	4
7	Stan	7
7	Kyle	1
7	Chef	39
7	Stan	5
7	Chef	1
7	Stan	7
7	Cartman	5
7	Stan	5
7	Kyle	5
7	Stan	4
7	Other	38
7	Cartman	12
7	Stan	1
7	Other	21
7	Kyle	6
7	Other	2
7	Stan	1
7	Wendy	1
7	Cartman	7
7	Stan	5
7	Cartman	12
7	Stan	2
7	Other	38
7	Kyle	4
7	Wendy	1
7	Stan	19
7	Cartman	3
7	Other	32
7	Kyle	14
7	Other	13
7	Kyle	15
7	Wendy	1
7	Stan	3
7	Wendy	1
7	Kyle	7
7	Kyle	-1
7	Wendy	4
7	Stan	8
7	Kyle	7
7	Chef	4
7	Cartman	7
7	Wendy	20
7	Stan	10
7	Wendy	14
7	Stan	7
7	Kyle	10
7	Stan	13
7	Cartman	14
7	Stan	24
7	Kyle	4
7	Stan	5
7	Kyle	3
7	Stan	1
7	Cartman	8
7	Kyle	15
7	Stan	1
7	Cartman	14
7	Stan	8
7	Cartman	5
7	Kenny	5
8	Stan	3
8	Kyle	1
8	Other	7
8	Cartman	14
8	Other	2
8	Cartman	6
8	Other	15
8	Other	11
8	Other	8
8	Cartman	8
8	Other	16
8	Kyle	2
8	Other	7
8	Other	31
8	Stan	3
8	Stan	-1
8	Stan	1
8	Kyle	10
8	Stan	1
8	Other	12
8	Stan	9
8	Kyle	5
8	Cartman	2
8	Other	11
8	Cartman	10
8	Other	16
8	Cartman	1
8	Cartman	-1
8	Stan	1
8	Kenny	2
8	Stan	9
8	Kyle	6
8	Stan	6
8	Kyle	4
8	Stan	7
8	Kyle	1
8	Stan	9
8	Cartman	7
8	Stan	4
8	Cartman	2
8	Stan	7
8	Kenny	7
8	Stan	1
8	Kyle	9
8	Stan	12
8	Other	1
8	Cartman	8
8	Kyle	14
8	Cartman	10
8	Mr. Garrison	27
8	Cartman	12
8	Mr. Garrison	38
8	Stan	4
8	Mr. Garrison	1
8	Cartman	11
8	Mr. Garrison	39
8	Cartman	10
8	Wendy	10
8	Cartman	16
8	Wendy	16
8	Cartman	17
8	Wendy	9
8	Cartman	10
8	Mr. Garrison	17
8	Other	17
8	Clyde	1
8	Mr. Garrison	6
8	Clyde	1
8	Mr. Garrison	6
8	Other	21
8	Other	5
8	Other	7
8	Other	12
8	Other	18
8	Other	2
8	Other	8
8	Other	2
8	Other	18
8	Other	5
8	Other	14
8	Other	3
8	Other	9
8	Other	2
8	Other	8
8	Other	7
8	Other	10
8	Cartman	16
8	Other	3
8	Stan	-1
8	Kyle	4
8	Other	13
8	Other	5
8	Other	9
8	Other	-1
8	Other	6
8	Other	3
8	Kyle	6
8	Cartman	3
8	Stan	7
8	Kyle	8
8	Stan	13
8	Kyle	18
8	Stan	8
8	Kyle	4
8	Other	1
8	Stan	8
8	Cartman	3
8	Kyle	6
8	Cartman	2
8	Other	2
8	Cartman	8
8	Other	2
8	Cartman	1
8	Stan	7
8	Kyle	12
8	Cartman	8
8	Stan	6
8	Kyle	19
8	Cartman	11
8	Kyle	1
8	Cartman	1
8	Other	16
8	Other	5
8	Other	1
8	Other	5
8	Other	4
8	Other	5
8	Other	14
8	Other	4
8	Stan	24
8	Cartman	57
8	Other	1
8	Cartman	22
8	Cartman	6
8	Stan	13
8	Cartman	42
8	Mr. Garrison	78
8	Stan	4
8	Cartman	3
8	Kyle	2
8	Mr. Garrison	8
8	Kyle	7
8	Stan	13
8	Cartman	15
8	Mr. Garrison	18
8	Stan	11
8	Mr. Garrison	6
8	Kyle	3
8	Other	5
8	Clyde	2
8	Other	7
8	Other	8
8	Mr. Garrison	25
8	Kyle	12
8	Other	22
8	Stan	1
8	Other	6
8	Kyle	10
8	Other	40
8	Stan	7
8	Other	3
8	Kyle	2
8	Other	6
8	Kyle	6
8	Other	15
8	Stan	7
8	Cartman	9
8	Kyle	15
8	Cartman	4
8	Other	14
8	Chef	13
8	Other	10
8	Chef	12
8	Other	8
8	Chef	12
8	Other	7
8	Chef	4
8	Other	23
8	Chef	11
8	Other	1
8	Other	22
8	Cartman	17
8	Cartman	-1
8	Cartman	3
8	Other	9
8	Cartman	10
8	Other	1
8	Other	6
8	Other	35
8	Other	1
8	Other	3
8	Other	8
8	Other	12
8	Other	14
8	Chef	21
8	Kyle	7
8	Other	9
8	Other	12
8	Other	7
8	Other	13
8	Other	17
8	Other	11
8	Other	4
8	Other	5
8	Other	16
8	Other	15
8	Cartman	9
8	Other	8
8	Cartman	7
8	Other	7
8	Other	6
8	Other	1
8	Other	1
8	Cartman	49
8	Other	14
8	Stan	3
8	Kyle	10
8	Other	26
8	Other	4
8	Other	14
8	Other	3
8	Other	3
8	Other	26
8	Chef	2
8	Stan	6
8	Other	10
8	Other	9
8	Chef	22
8	Other	5
8	Chef	16
8	Other	3
8	Chef	43
8	Cartman	-1
8	Cartman	25
8	Other	12
8	Cartman	1
8	Other	16
8	Cartman	13
8	Other	14
8	Cartman	1
8	Other	12
8	Other	5
8	Other	7
8	Other	4
8	Chef	44
8	Other	3
8	Other	10
8	Kyle	4
8	Other	5
8	Cartman	44
8	Other	5
8	Cartman	3
8	Other	5
8	Cartman	7
8	Other	5
8	Cartman	16
8	Other	2
8	Chef	3
8	Other	1
8	Kenny	2
8	Stan	6
8	Kyle	2
8	Other	9
8	Stan	3
8	Other	6
8	Chef	3
8	Other	9
8	Chef	8
8	Other	24
8	Chef	3
8	Other	24
8	Other	7
8	Other	11
8	Other	10
8	Stan	7
8	Kyle	9
8	Stan	44
8	Kyle	11
8	Other	14
8	Cartman	11
8	Other	6
8	Other	4
8	Other	10
8	Other	58
8	Other	7
8	Other	2
9	Other	23
9	Stan	93
9	Wendy	2
9	Kyle	4
9	Wendy	1
9	Kyle	5
9	Wendy	1
9	Kyle	3
9	Cartman	1
9	Kenny	6
9	Mr. Garrison	32
9	Kyle	1
9	Mr. Garrison	9
9	Wendy	1
9	Other	10
9	Mr. Garrison	21
9	Other	17
9	Mr. Garrison	1
9	Other	11
9	Mr. Garrison	3
9	Other	5
9	Mr. Garrison	7
9	Mr. Garrison	-1
9	Mr. Garrison	4
9	Other	11
9	Cartman	9
9	Kyle	2
9	Kyle	-1
9	Kyle	1
9	Cartman	2
9	Cartman	-1
9	Cartman	3
9	Stan	7
9	Mr. Garrison	17
9	Other	6
9	Kyle	7
9	Mr. Garrison	7
9	Kyle	12
9	Stan	2
9	Cartman	6
9	Kyle	12
9	Other	4
9	Mr. Garrison	14
9	Other	14
9	Mr. Garrison	9
9	Wendy	5
9	Stan	3
9	Wendy	9
9	Kenny	1
9	Stan	4
9	Cartman	13
9	Kyle	3
9	Stan	8
9	Kyle	2
9	Other	1
9	Kyle	10
9	Other	1
9	Kyle	1
9	Stan	20
9	Cartman	20
9	Kyle	9
9	Cartman	11
9	Stan	7
9	Kyle	15
9	Stan	7
9	Kyle	24
9	Cartman	11
9	Kyle	17
9	Kyle	-1
9	Cartman	10
9	Cartman	-1
9	Cartman	1
9	Stan	4
9	Kyle	5
9	Kyle	-1
9	Kyle	44
9	Kyle	-1
9	Kyle	2
9	Kyle	-1
9	Kyle	39
9	Kyle	-1
9	Kyle	13
9	Kyle	-1
9	Kyle	2
9	Kyle	-1
9	Kyle	8
9	Other	5
9	Other	20
9	Other	2
9	Kyle	5
9	Stan	11
9	Other	20
9	Mr. Garrison	5
9	Other	2
9	Cartman	7
9	Kyle	5
9	Kyle	-1
9	Kyle	1
9	Other	25
9	Other	1
9	Other	1
9	Other	13
9	Other	1
9	Other	4
9	Other	26
9	Other	2
9	Other	17
9	Other	4
9	Kyle	8
9	Other	2
9	Kyle	24
9	Other	2
9	Kyle	28
9	Cartman	9
9	Kenny	3
9	Stan	1
9	Other	6
9	Kyle	1
9	Other	39
9	Mr. Garrison	8
9	Other	11
9	Mr. Garrison	1
9	Other	12
9	Other	4
9	Other	17
9	Other	5
9	Other	16
9	Kyle	5
9	Other	2
9	Kyle	7
9	Other	1
9	Kyle	7
9	Other	7
9	Other	18
9	Kyle	6
9	Other	4
9	Kyle	5
9	Other	8
9	Other	3
9	Kyle	10
9	Other	1
9	Kyle	4
9	Other	1
9	Kyle	2
9	Other	7
9	Kyle	4
9	Other	11
9	Kyle	10
9	Other	38
9	Kyle	7
9	Other	20
9	Other	7
9	Kyle	1
9	Other	3
9	Other	13
9	Kyle	4
9	Other	1
9	Kyle	4
9	Other	18
9	Other	2
9	Other	1
9	Kyle	8
9	Other	13
9	Kyle	8
9	Other	5
9	Kyle	22
9	Other	16
9	Kyle	4
9	Other	19
9	Other	3
9	Other	8
9	Stan	11
9	Cartman	4
9	Stan	9
9	Cartman	18
9	Stan	2
9	Cartman	8
9	Kyle	2
9	Stan	5
9	Kyle	3
9	Cartman	3
9	Kyle	5
9	Stan	2
9	Cartman	7
9	Kenny	11
9	Kyle	5
9	Stan	11
9	Kyle	5
9	Kyle	-1
9	Kyle	1
9	Other	57
9	Mr. Garrison	11
9	Other	2
9	Mr. Garrison	29
9	Cartman	4
9	Kyle	3
9	Mr. Garrison	12
9	Cartman	13
9	Kyle	9
9	Kyle	-1
9	Kyle	1
9	Cartman	6
9	Cartman	-1
9	Cartman	3
9	Cartman	-2
9	Cartman	3
9	Cartman	-1
9	Cartman	8
9	Cartman	-1
9	Cartman	5
9	Cartman	-1
9	Cartman	2
9	Cartman	-1
9	Cartman	6
9	Kyle	3
9	Other	1
9	Kyle	2
9	Cartman	3
9	Cartman	-1
9	Cartman	4
9	Cartman	-1
9	Cartman	6
9	Cartman	-1
9	Cartman	13
9	Other	13
9	Cartman	11
9	Cartman	-1
9	Cartman	9
9	Cartman	-1
9	Cartman	7
9	Cartman	-15
9	Cartman	3
9	Cartman	-1
9	Cartman	3
9	Cartman	-1
9	Cartman	5
9	Cartman	-1
9	Cartman	8
9	Kyle	3
9	Other	1
9	Mr. Garrison	2
9	Cartman	2
9	Mr. Garrison	11
9	Kyle	1
9	Cartman	2
9	Cartman	-1
9	Other	19
9	Kyle	5
9	Other	14
9	Kyle	2
9	Other	10
9	Kyle	1
9	Other	11
9	Kyle	4
9	Other	24
9	Kyle	2
9	Other	6
9	Kyle	2
9	Other	5
9	Kyle	2
9	Other	19
9	Kyle	6
9	Other	16
9	Other	2
9	Other	18
9	Other	10
9	Other	32
9	Mr. Garrison	24
9	Other	1
9	Mr. Garrison	29
9	Other	5
9	Kyle	7
9	Other	23
9	Stan	9
9	Other	1
9	Kyle	7
9	Other	2
9	Kyle	1
9	Other	1
9	Cartman	4
9	Mr. Garrison	8
9	Other	11
9	Other	10
9	Other	20
9	Kyle	27
9	Other	7
9	Other	13
9	Other	3
9	Other	8
9	Other	2
9	Mr. Garrison	39
9	Kenny	2
9	Other	30
9	Chef	48
9	Stan	12
9	Cartman	15
9	Mr. Garrison	8
9	Other	3
9	Kenny	2
9	Other	23
9	Other	20
9	Other	8
9	Other	7
9	Other	-1
9	Other	3
9	Mr. Garrison	8
9	Other	10
9	Other	9
9	Other	5
9	Other	5
9	Other	1
9	Other	-1
9	Other	2
9	Stan	13
9	Wendy	1
9	Chef	3
9	Stan	3
9	Chef	2
9	Cartman	15
9	Chef	7
9	Stan	2
9	Stan	21
9	Chef	7
9	Other	1
9	Stan	2
9	Wendy	5
9	Other	12
9	Other	1
9	Other	2
9	Chef	3
9	Cartman	17
9	Other	4
9	Chef	15
9	Other	12
9	Other	9
9	Other	72
9	Stan	8
9	Kyle	2
9	Kyle	-1
9	Kyle	2
9	Kyle	-1
9	Other	2
9	Kyle	6
9	Other	6
9	Kyle	1
9	Other	4
9	Kyle	9
9	Other	21
9	Other	-1
9	Other	26
9	Other	14
9	Other	13
9	Cartman	13
9	Other	3
9	Stan	20
9	Kyle	10
9	Cartman	4
9	Stan	4
9	Kenny	4
9	Other	8
10	Cartman	8
10	Kyle	4
10	Cartman	8
10	Stan	12
10	Cartman	10
10	Kyle	1
10	Kyle	-1
10	Kyle	9
10	Cartman	2
10	Stan	13
10	Stan	-1
10	Stan	1
10	Cartman	2
10	Other	7
10	Cartman	24
10	Cartman	-1
10	Cartman	21
10	Cartman	-1
10	Cartman	23
10	Mr. Garrison	8
10	Cartman	6
10	Mr. Garrison	16
10	Cartman	1
10	Mr. Garrison	43
10	Other	1
10	Mr. Garrison	10
10	Other	5
10	Mr. Garrison	8
10	Other	20
10	Mr. Garrison	2
10	Other	4
10	Mr. Garrison	36
10	Mr. Garrison	-1
10	Cartman	12
10	Other	10
10	Cartman	18
10	Stan	2
10	Kyle	-1
10	Kyle	3
10	Cartman	9
10	Other	16
10	Mr. Garrison	13
10	Cartman	9
10	Stan	14
10	Kyle	6
10	Cartman	10
10	Stan	14
10	Kyle	3
10	Cartman	35
10	Stan	11
10	Cartman	18
10	Stan	7
10	Cartman	31
10	Stan	9
10	Cartman	7
10	Other	10
10	Kyle	11
10	Cartman	27
10	Other	18
10	Other	6
10	Other	1
10	Stan	19
10	Kenny	7
10	Kenny	-1
10	Kenny	1
10	Other	4
10	Stan	2
10	Kyle	8
10	Stan	2
10	Kenny	1
10	Cartman	15
10	Chef	3
10	Stan	2
10	Chef	3
10	Kyle	1
10	Chef	2
10	Kyle	13
10	Chef	88
10	Kyle	3
10	Other	15
10	Stan	1
10	Chef	7
10	Kyle	4
10	Chef	6
10	Other	12
10	Other	1
10	Other	5
10	Other	5
10	Stan	2
10	Other	9
10	Stan	21
10	Kyle	9
10	Kenny	1
10	Other	4
10	Stan	26
10	Other	3
10	Stan	1
10	Kyle	1
10	Other	17
10	Stan	9
10	Other	17
10	Kyle	1
10	Other	9
10	Cartman	81
10	Other	2
10	Other	2
10	Other	3
10	Other	24
10	Other	9
10	Other	28
10	Other	1
10	Other	9
10	Other	7
10	Other	11
10	Other	8
10	Other	6
10	Kyle	2
10	Other	10
10	Other	6
10	Other	9
10	Other	2
10	Chef	12
10	Chef	-1
10	Other	5
10	Other	23
10	Other	18
10	Other	12
10	Stan	4
10	Other	21
10	Other	69
10	Cartman	16
10	Kenny	1
10	Stan	16
10	Cartman	2
10	Kyle	11
10	Cartman	9
10	Stan	12
10	Cartman	22
10	Other	6
10	Stan	6
10	Other	2
10	Kyle	14
10	Other	11
10	Cartman	6
10	Other	1
10	Other	17
10	Other	17
10	Other	4
10	Other	-1
10	Other	1
10	Other	5
10	Other	1
10	Mr. Garrison	5
10	Other	11
10	Stan	1
10	Stan	-1
10	Stan	4
10	Other	12
10	Other	12
10	Other	4
10	Other	-1
10	Other	9
10	Other	2
10	Other	19
10	Chef	1
10	Chef	-1
10	Other	8
10	Other	14
10	Other	11
10	Mr. Garrison	9
10	Other	8
10	Other	3
10	Other	5
10	Other	7
10	Other	2
10	Mr. Garrison	5
10	Other	30
10	Other	3
10	Other	7
10	Other	7
10	Other	7
10	Other	7
10	Other	62
10	Clyde	9
10	Other	10
10	Other	10
10	Stan	-1
10	Stan	7
10	Cartman	17
10	Cartman	-1
10	Other	27
10	Cartman	9
10	Cartman	-1
10	Cartman	7
10	Stan	9
10	Stan	-1
10	Kyle	9
10	Stan	2
10	Kyle	2
10	Other	6
10	Other	9
10	Other	10
10	Other	14
10	Chef	2
10	Other	32
10	Other	16
10	Other	10
10	Other	14
10	Other	19
10	Other	23
10	Mr. Garrison	8
10	Other	1
10	Other	24
10	Mr. Garrison	2
10	Other	2
10	Other	-1
10	Other	1
10	Other	6
10	Stan	2
10	Other	8
10	Kyle	13
10	Other	9
10	Stan	7
10	Kyle	8
10	Other	11
10	Other	11
10	Other	8
10	Other	12
10	Other	52
10	Cartman	11
10	Stan	6
10	Other	3
10	Chef	16
10	Stan	6
10	Kyle	6
10	Other	10
10	Chef	8
10	Other	6
10	Chef	8
10	Other	7
10	Other	5
10	Cartman	21
10	Chef	12
10	Kyle	6
10	Chef	7
10	Stan	8
10	Other	1
10	Chef	7
10	Other	8
10	Other	-1
10	Other	2
10	Other	24
10	Other	7
10	Other	10
10	Other	-1
10	Other	16
10	Other	46
10	Other	16
10	Cartman	10
10	Stan	6
10	Kyle	5
10	Other	11
10	Other	16
10	Other	5
10	Kyle	1
10	Stan	4
10	Kyle	10
10	Cartman	8
10	Other	9
10	Cartman	75
10	Kyle	7
10	Cartman	4
10	Cartman	-1
10	Kyle	1
10	Cartman	25
10	Cartman	-1
10	Kyle	7
10	Cartman	9
10	Kyle	1
10	Cartman	20
10	Stan	7
10	Cartman	9
10	Other	7
10	Stan	7
10	Chef	12
10	Other	7
10	Other	1
10	Other	1
10	Other	-1
10	Other	2
10	Stan	5
10	Stan	-1
10	Stan	6
10	Other	25
10	Kyle	16
10	Other	12
10	Stan	38
10	Kyle	2
10	Stan	6
10	Kyle	1
10	Stan	9
10	Kyle	1
10	Stan	1
10	Kyle	10
10	Stan	1
10	Kyle	2
10	Stan	23
10	Other	3
10	Stan	3
10	Other	6
10	Kyle	8
10	Stan	7
10	Kyle	1
10	Other	7
10	Other	6
10	Other	4
10	Other	3
10	Other	6
10	Other	6
10	Other	2
10	Other	16
10	Mr. Garrison	12
10	Other	1
10	Other	59
10	Other	4
10	Mr. Garrison	7
10	Other	2
10	Other	5
10	Other	-1
10	Stan	9
10	Mr. Garrison	5
10	Chef	8
10	Other	7
10	Other	27
10	Stan	6
10	Kyle	1
10	Kyle	-1
10	Other	10
10	Stan	3
10	Other	9
10	Stan	8
10	Kyle	14
10	Stan	18
10	Other	3
10	Cartman	7
11	Wendy	7
11	Stan	2
11	Wendy	9
11	Stan	6
11	Wendy	17
11	Stan	3
11	Cartman	7
11	Wendy	14
11	Cartman	8
11	Other	48
11	Kyle	7
11	Other	13
11	Other	2
11	Other	1
11	Cartman	3
11	Kenny	10
11	Stan	5
11	Kenny	10
11	Other	16
11	Other	38
11	Wendy	2
11	Other	16
11	Cartman	2
11	Other	7
11	Stan	1
11	Other	10
11	Cartman	8
11	Stan	3
11	Stan	-1
11	Stan	1
11	Other	3
11	Stan	1
11	Kyle	7
11	Mr. Garrison	29
11	Other	28
11	Mr. Garrison	6
11	Other	5
11	Other	16
11	Mr. Garrison	1
11	Other	14
11	Mr. Garrison	4
11	Other	15
11	Mr. Garrison	8
11	Other	43
11	Mr. Garrison	5
11	Other	5
11	Cartman	11
11	Kyle	5
11	Kyle	-1
11	Kyle	8
11	Stan	12
11	Cartman	5
11	Chef	12
11	Kyle	5
11	Chef	30
11	Stan	3
11	Chef	7
11	Wendy	14
11	Stan	1
11	Wendy	3
11	Chef	16
11	Kenny	4
11	Kenny	-1
11	Kenny	3
11	Chef	2
11	Wendy	19
11	Chef	24
11	Wendy	5
11	Stan	3
11	Kyle	9
11	Stan	7
11	Cartman	9
11	Other	32
11	Other	19
11	Other	6
11	Other	10
11	Cartman	2
11	Other	9
11	Other	4
11	Stan	4
11	Other	8
11	Cartman	4
11	Other	11
11	Cartman	35
11	Chef	2
11	Other	4
11	Chef	2
11	Other	1
11	Chef	17
11	Kyle	3
11	Stan	3
11	Chef	16
11	Cartman	7
11	Other	3
11	Chef	8
11	Other	9
11	Other	87
11	Stan	9
11	Kyle	1
11	Other	13
11	Chef	6
11	Other	12
11	Cartman	10
11	Other	1
11	Other	4
11	Mr. Garrison	4
11	Other	6
11	Mr. Garrison	8
11	Other	3
11	Mr. Garrison	4
11	Other	18
11	Mr. Garrison	1
11	Other	14
11	Mr. Garrison	1
11	Other	10
11	Mr. Garrison	9
11	Other	18
11	Mr. Garrison	20
11	Other	13
11	Cartman	3
11	Kyle	2
11	Kyle	-1
11	Kyle	1
11	Cartman	3
11	Cartman	-1
11	Cartman	3
11	Wendy	7
11	Other	3
11	Wendy	13
11	Other	20
11	Wendy	7
11	Other	3
11	Wendy	1
11	Wendy	-1
11	Wendy	2
11	Other	1
11	Wendy	8
11	Wendy	-1
11	Wendy	6
11	Wendy	-1
11	Wendy	7
11	Other	24
11	Stan	4
11	Other	27
11	Stan	1
11	Other	15
11	Stan	7
11	Kyle	4
11	Cartman	15
11	Other	28
11	Cartman	9
11	Other	9
11	Wendy	14
11	Kyle	13
11	Stan	9
11	Wendy	2
11	Stan	5
11	Wendy	2
11	Stan	3
11	Wendy	19
11	Kyle	3
11	Wendy	3
11	Stan	2
11	Wendy	16
11	Cartman	1
11	Wendy	11
11	Kyle	2
11	Cartman	12
11	Kyle	7
11	Wendy	7
11	Cartman	-1
11	Cartman	10
11	Cartman	-1
11	Chef	3
11	Cartman	3
11	Kyle	8
11	Chef	3
11	Stan	9
11	Chef	43
11	Stan	2
11	Kyle	2
11	Chef	8
11	Stan	7
11	Chef	22
11	Stan	1
11	Chef	9
11	Kyle	7
11	Stan	17
11	Kyle	2
11	Cartman	20
11	Stan	5
11	Kyle	5
11	Kyle	-1
11	Cartman	3
11	Other	8
11	Mr. Garrison	1
11	Other	5
11	Mr. Garrison	13
11	Other	5
11	Other	13
11	Stan	7
11	Cartman	15
11	Kyle	1
11	Stan	17
11	Kyle	6
11	Other	8
11	Cartman	5
11	Cartman	-1
11	Cartman	16
11	Mr. Garrison	3
11	Other	10
11	Mr. Garrison	1
11	Other	5
11	Mr. Garrison	5
11	Other	6
11	Mr. Garrison	25
11	Wendy	5
11	Other	17
11	Wendy	15
11	Other	1
11	Wendy	38
11	Other	2
11	Stan	14
11	Cartman	6
11	Stan	7
11	Kyle	6
11	Clyde	5
11	Wendy	4
11	Cartman	11
11	Stan	3
11	Wendy	8
11	Other	1
11	Other	3
11	Stan	1
11	Cartman	3
11	Kyle	1
11	Other	10
11	Wendy	1
11	Other	16
11	Mr. Garrison	3
11	Stan	5
11	Cartman	3
11	Wendy	23
11	Wendy	-1
11	Wendy	5
11	Mr. Garrison	16
11	Wendy	1
11	Mr. Garrison	30
11	Wendy	3
11	Mr. Garrison	23
11	Other	1
11	Other	1
11	Other	5
11	Other	2
11	Wendy	2
11	Other	22
11	Stan	2
11	Stan	-1
11	Wendy	2
11	Other	18
11	Wendy	1
11	Other	6
11	Other	5
11	Mr. Garrison	6
11	Other	7
11	Other	11
11	Mr. Garrison	3
11	Other	8
11	Mr. Garrison	8
11	Other	3
11	Other	23
11	Stan	5
11	Other	2
11	Stan	12
11	Other	5
11	Stan	14
11	Other	8
11	Stan	2
11	Other	6
11	Stan	8
11	Other	2
11	Wendy	5
11	Mr. Garrison	22
11	Other	7
11	Mr. Garrison	8
11	Kyle	8
11	Cartman	4
11	Stan	3
11	Cartman	2
11	Stan	1
11	Kyle	4
11	Stan	1
11	Kenny	16
11	Stan	3
11	Other	3
11	Wendy	7
11	Other	9
11	Wendy	12
11	Other	4
11	Wendy	15
11	Other	6
11	Wendy	36
11	Other	7
11	Cartman	6
11	Mr. Garrison	14
11	Other	5
11	Mr. Garrison	-1
11	Mr. Garrison	5
11	Mr. Garrison	-1
11	Mr. Garrison	20
11	Other	9
11	Other	4
11	Cartman	3
11	Other	6
11	Other	8
11	Other	18
11	Other	3
11	Other	11
11	Other	5
11	Other	1
11	Other	8
11	Wendy	2
11	Other	3
11	Other	18
11	Other	17
11	Other	6
11	Stan	6
11	Kyle	1
11	Kyle	-1
11	Other	1
11	Wendy	4
11	Stan	11
11	Wendy	5
11	Stan	12
11	Wendy	4
11	Stan	1
11	Wendy	1
11	Stan	1
11	Wendy	9
11	Kyle	9
11	Cartman	15
11	Other	18
11	Other	16
11	Other	2
11	Other	4
11	Wendy	16
11	Other	4
11	Wendy	3
11	Kyle	10
11	Wendy	7
11	Other	4
11	Wendy	5
11	Other	3
11	Wendy	1
11	Other	3
11	Kyle	13
11	Wendy	14
11	Kyle	3
11	Wendy	4
11	Wendy	-1
11	Wendy	3
12	Other	28
12	Cartman	1
12	Mr. Garrison	7
12	Other	10
12	Stan	4
12	Other	11
12	Stan	1
12	Other	29
12	Cartman	13
12	Stan	4
12	Other	7
12	Cartman	4
12	Other	8
12	Cartman	4
12	Other	2
12	Cartman	9
12	Other	4
12	Cartman	7
12	Cartman	-1
12	Cartman	11
12	Cartman	-1
12	Cartman	22
12	Other	8
12	Cartman	5
12	Other	6
12	Cartman	35
12	Kyle	11
12	Stan	3
12	Kyle	3
12	Stan	1
12	Kyle	3
12	Cartman	5
12	Kyle	8
12	Cartman	4
12	Kyle	5
12	Cartman	1
12	Other	4
12	Cartman	11
12	Cartman	-1
12	Cartman	4
12	Kyle	5
12	Other	19
12	Cartman	8
12	Cartman	-1
12	Cartman	2
12	Other	32
12	Other	20
12	Kyle	29
12	Cartman	13
12	Cartman	-1
12	Cartman	17
12	Cartman	-1
12	Cartman	7
12	Kyle	3
12	Cartman	4
12	Other	24
12	Other	16
12	Cartman	1
12	Stan	9
12	Kyle	13
12	Cartman	8
12	Cartman	-1
12	Cartman	6
12	Stan	6
12	Cartman	6
12	Stan	8
12	Cartman	12
12	Chef	24
12	Other	3
12	Chef	11
12	Other	3
12	Chef	18
12	Other	22
12	Chef	8
12	Other	4
12	Chef	4
12	Other	7
12	Chef	4
12	Other	22
12	Chef	4
12	Stan	10
12	Kenny	16
12	Kyle	8
12	Cartman	11
12	Kyle	4
12	Cartman	11
12	Kyle	1
12	Cartman	3
12	Kyle	1
12	Cartman	2
12	Other	21
12	Kyle	1
12	Other	7
12	Kyle	3
12	Other	7
12	Stan	4
12	Other	3
12	Stan	1
12	Other	12
12	Stan	4
12	Other	1
12	Stan	4
12	Other	1
12	Stan	13
12	Other	21
12	Kyle	1
12	Cartman	7
12	Kyle	5
12	Cartman	10
12	Other	16
12	Kyle	4
12	Other	13
12	Kyle	3
12	Stan	6
12	Other	9
12	Stan	2
12	Other	4
12	Other	-1
12	Kyle	1
12	Other	7
12	Other	16
12	Cartman	5
12	Cartman	-1
12	Other	6
12	Stan	2
12	Other	7
12	Other	1
12	Other	2
12	Other	7
12	Other	16
12	Other	-1
12	Other	1
12	Other	3
12	Other	-1
12	Chef	7
12	Other	-1
12	Other	7
12	Chef	8
12	Other	27
12	Chef	1
12	Other	8
12	Chef	21
12	Other	1
12	Chef	10
12	Other	-1
12	Other	4
12	Other	6
12	Other	-1
12	Other	3
12	Other	3
12	Other	9
12	Other	7
12	Other	59
12	Other	1
12	Kyle	1
12	Cartman	3
12	Cartman	-1
12	Cartman	4
12	Kyle	6
12	Cartman	28
12	Other	3
12	Kyle	10
12	Other	2
12	Cartman	13
12	Cartman	-1
12	Other	1
12	Kyle	13
12	Cartman	1
12	Kyle	31
12	Cartman	20
12	Other	10
12	Chef	13
12	Other	6
12	Chef	22
12	Other	11
12	Chef	9
12	Chef	-1
12	Chef	1
12	Other	3
12	Other	-1
12	Other	5
12	Other	-1
12	Other	19
12	Chef	4
12	Other	38
12	Chef	16
12	Other	44
12	Chef	11
12	Other	27
12	Chef	16
12	Stan	6
12	Cartman	16
12	Kyle	-1
12	Kyle	11
12	Other	9
12	Stan	1
12	Other	25
12	Kyle	2
12	Other	28
12	Cartman	6
12	Other	3
12	Cartman	14
12	Cartman	-1
12	Cartman	12
12	Cartman	-1
12	Cartman	5
12	Other	20
12	Cartman	2
12	Stan	9
12	Other	5
12	Kyle	14
12	Stan	17
12	Cartman	8
12	Cartman	-1
12	Cartman	3
12	Other	36
12	Cartman	19
12	Kyle	12
12	Cartman	7
12	Other	2
12	Other	24
12	Other	-1
12	Other	17
12	Other	1
12	Other	1
12	Other	12
12	Other	1
12	Other	12
12	Other	1
12	Other	19
12	Cartman	5
12	Stan	4
12	Other	20
12	Cartman	7
12	Kyle	9
12	Kyle	-1
12	Cartman	5
12	Other	6
12	Cartman	3
12	Kyle	7
12	Other	7
12	Cartman	4
12	Other	4
12	Cartman	1
12	Cartman	-1
12	Cartman	5
12	Stan	11
12	Other	10
12	Chef	15
12	Other	10
12	Chef	22
12	Other	10
12	Chef	15
12	Other	8
12	Chef	6
12	Other	8
12	Chef	1
12	Other	8
12	Chef	2
12	Other	5
12	Other	6
12	Cartman	12
12	Kyle	14
12	Cartman	9
12	Other	50
12	Stan	2
12	Other	3
12	Stan	8
12	Other	1
12	Other	-1
12	Other	10
12	Other	33
12	Other	18
12	Other	4
12	Other	11
12	Other	-1
12	Other	9
12	Chef	1
12	Other	1
12	Other	9
12	Cartman	5
12	Stan	5
12	Chef	7
12	Other	5
12	Kyle	4
12	Other	21
12	Stan	3
12	Other	1
12	Chef	9
12	Other	3
12	Chef	14
12	Other	9
12	Other	8
12	Other	14
12	Other	5
12	Other	11
12	Other	8
12	Other	45
12	Other	3
12	Mr. Garrison	5
12	Other	2
12	Other	8
12	Other	3
12	Chef	3
12	Kenny	12
12	Stan	6
12	Kyle	1
12	Kyle	-1
12	Other	4
12	Chef	2
12	Other	5
12	Chef	-1
12	Chef	12
12	Other	8
12	Chef	8
12	Other	2
12	Other	21
12	Chef	4
12	Chef	13
12	Cartman	11
12	Stan	14
12	Chef	8
12	Other	5
12	Other	4
12	Chef	3
12	Stan	6
12	Cartman	1
12	Other	12
12	Chef	11
12	Chef	-1
12	Chef	7
12	Other	15
12	Other	19
12	Other	11
12	Stan	8
12	Kyle	9
12	Stan	5
12	Other	4
12	Stan	3
12	Kyle	5
12	Stan	10
12	Other	2
12	Other	8
12	Cartman	9
12	Other	7
12	Cartman	4
12	Chef	4
12	Stan	3
12	Cartman	7
12	Kyle	6
12	Stan	10
12	Kyle	17
12	Stan	12
12	Cartman	9
12	Kyle	-1
12	Kyle	6
12	Cartman	10
12	Stan	4
12	Kyle	7
12	Stan	7
12	Kyle	22
12	Stan	1
12	Cartman	9
12	Cartman	-1
12	Cartman	4
12	Stan	4
12	Other	3
13	Stan	15
13	Kyle	14
13	Kenny	10
13	Kyle	1
13	Stan	10
13	Other	5
13	Stan	5
13	Stan	-1
13	Stan	1
13	Stan	-1
13	Other	4
13	Stan	7
13	Stan	-1
13	Stan	1
13	Stan	-1
13	Other	3
13	Kyle	2
13	Stan	7
13	Other	2
13	Kyle	5
13	Kyle	-1
13	Kyle	9
13	Other	19
13	Stan	3
13	Cartman	9
13	Other	9
13	Cartman	13
13	Clyde	8
13	Cartman	9
13	Other	10
13	Cartman	10
13	Stan	8
13	Kenny	13
13	Kyle	8
13	Stan	12
13	Kyle	1
13	Other	16
13	Cartman	10
13	Other	4
13	Clyde	3
13	Other	2
13	Other	-1
13	Kyle	7
13	Other	6
13	Stan	12
13	Kyle	11
13	Other	13
13	Kyle	2
13	Other	9
13	Stan	1
13	Other	30
13	Stan	3
13	Other	3
13	Cartman	12
13	Other	15
13	Other	14
13	Cartman	4
13	Stan	11
13	Kyle	8
13	Stan	5
13	Cartman	3
13	Other	8
13	Cartman	12
13	Clyde	5
13	Clyde	-1
13	Clyde	2
13	Clyde	-1
13	Cartman	1
13	Other	1
13	Cartman	8
13	Other	1
13	Cartman	6
13	Other	1
13	Other	6
13	Cartman	7
13	Other	2
13	Cartman	9
13	Other	2
13	Cartman	15
13	Other	6
13	Cartman	6
13	Other	1
13	Cartman	8
13	Other	27
13	Cartman	2
13	Other	11
13	Cartman	8
13	Other	31
13	Other	6
13	Other	12
13	Other	15
13	Other	10
13	Other	6
13	Other	5
13	Other	9
13	Other	13
13	Other	-1
13	Other	36
13	Cartman	9
13	Other	14
13	Cartman	7
13	Other	13
13	Cartman	11
13	Other	1
13	Cartman	6
13	Other	28
13	Other	13
13	Other	8
13	Other	11
13	Stan	17
13	Kyle	5
13	Stan	9
13	Other	9
13	Stan	1
13	Kyle	1
13	Other	14
13	Other	33
13	Stan	3
13	Kyle	11
13	Stan	16
13	Cartman	12
13	Stan	1
13	Cartman	29
13	Stan	6
13	Cartman	24
13	Cartman	-1
13	Cartman	3
13	Stan	3
13	Kyle	8
13	Stan	11
13	Other	26
13	Other	5
13	Kyle	9
13	Other	5
13	Other	10
13	Other	2
13	Other	6
13	Cartman	2
13	Other	5
13	Cartman	19
13	Other	2
13	Cartman	2
13	Other	17
13	Cartman	10
13	Other	24
13	Cartman	2
13	Other	9
13	Cartman	1
13	Other	4
13	Cartman	1
13	Other	44
13	Other	8
13	Other	2
13	Other	13
13	Other	6
13	Other	11
13	Chef	5
13	Other	16
13	Chef	8
13	Other	13
13	Chef	10
13	Other	3
13	Cartman	7
13	Other	11
13	Cartman	8
13	Stan	11
13	Kyle	10
13	Stan	26
13	Kyle	12
13	Stan	4
13	Cartman	3
13	Stan	1
13	Cartman	15
13	Kyle	6
13	Stan	9
13	Cartman	25
13	Stan	12
13	Kenny	8
13	Other	3
13	Kenny	21
13	Stan	6
13	Kyle	2
13	Chef	1
13	Cartman	2
13	Chef	7
13	Cartman	14
13	Chef	3
13	Cartman	1
13	Chef	8
13	Cartman	20
13	Chef	5
13	Cartman	8
13	Chef	11
13	Cartman	6
13	Chef	177
13	Chef	-1
13	Chef	5
13	Cartman	14
13	Chef	15
13	Other	5
13	Other	10
13	Other	6
13	Other	6
13	Other	4
13	Chef	-1
13	Chef	5
13	Other	3
13	Chef	7
13	Mr. Garrison	4
13	Chef	5
13	Other	11
13	Chef	6
13	Mr. Garrison	-3
13	Mr. Garrison	14
13	Chef	9
13	Cartman	5
13	Other	8
13	Other	13
13	Cartman	11
13	Other	17
13	Other	-1
13	Other	2
13	Cartman	5
13	Clyde	3
13	Clyde	-1
13	Cartman	3
13	Other	19
13	Stan	3
13	Randy	9
13	Stan	5
13	Kyle	3
13	Other	5
13	Other	33
13	Kyle	1
13	Stan	8
13	Kyle	5
13	Stan	5
13	Mr. Garrison	8
13	Other	7
13	Mr. Garrison	14
13	Cartman	9
13	Mr. Garrison	8
13	Cartman	17
13	Mr. Garrison	1
13	Other	4
13	Other	-1
13	Mr. Garrison	3
13	Mr. Garrison	-1
13	Cartman	7
13	Mr. Garrison	1
13	Other	1
13	Other	-1
13	Mr. Garrison	31
13	Mr. Garrison	-1
13	Mr. Garrison	3
13	Other	1
13	Other	1
13	Other	2
13	Mr. Garrison	8
13	Other	2
13	Mr. Garrison	17
13	Other	41
13	Other	9
13	Cartman	1
13	Other	30
13	Cartman	3
13	Other	14
13	Cartman	2
13	Other	5
13	Cartman	4
13	Other	3
13	Stan	21
13	Kyle	8
13	Cartman	2
13	Stan	4
13	Cartman	6
13	Kyle	8
13	Cartman	5
13	Stan	6
13	Cartman	28
13	Stan	6
13	Stan	-1
13	Stan	1
13	Cartman	40
13	Kyle	9
13	Cartman	2
13	Stan	28
13	Cartman	11
13	Stan	2
13	Other	8
13	Cartman	8
13	Stan	3
13	Other	28
13	Other	24
13	Other	12
13	Cartman	11
13	Other	4
13	Other	10
13	Stan	11
13	Cartman	7
13	Kyle	12
13	Other	13
13	Other	31
13	Stan	7
13	Kyle	2
13	Other	22
13	Stan	3
13	Kyle	-1
13	Cartman	9
13	Other	8
13	Other	4
13	Stan	1
13	Other	16
13	Kyle	18
13	Cartman	6
13	Other	38
13	Stan	11
13	Other	11
13	Mr. Garrison	8
13	Other	17
13	Other	33
13	Other	2
13	Other	-1
13	Mr. Garrison	11
13	Other	3
13	Other	1
13	Other	4
13	Other	2
13	Other	5
13	Other	2
13	Other	3
13	Kyle	4
13	Other	20
13	Cartman	4
13	Cartman	-1
13	Cartman	4
